"0","kfold.cv(boston, 8)
"
"1","[1]"
"1"," 5.090916"
"1"," 4.139699"
"1"," 4.376759"
"1"," 4.506542"
"1"," 5.440624"
"1"," 4.629712"
"1"," 5.919205"
"1"," 4.693835"
"1","
"
"1","[1]"
"1"," 4.849662"
"1","
"
